<?xml version="1.0" encoding="UTF-8" ?>
<!--
 ~  Copyright (c) 2025, WSO2 LLC. (https://www.wso2.com) All Rights Reserved.
 ~
 ~  WSO2 LLC. licenses this file to you under the Apache License,
 ~  Version 2.0 (the "License"); you may not use this file except
 ~  in compliance with the License.
 ~  You may obtain a copy of the License at
 ~
 ~    http://www.apache.org/licenses/LICENSE-2.0
 ~
 ~  Unless required by applicable law or agreed to in writing,
 ~  software distributed under the License is distributed on an
 ~  "AS IS" BASIS, WITHOUT WARRANTIES OR CONDITIONS OF ANY
 ~  KIND, either express or implied.  See the License for the
 ~  specific language governing permissions and limitations
 ~  under the License.
-->

<template name="init" onError="fault" xmlns="http://ws.apache.org/ns/synapse">
    <parameter name="name" description="The Connection Name"/>
    <parameter name="baseUrl" description="The Base URL"/>

    <sequence>
        <property name="httpConnectorConnectionName" expression="$func:name"/>
        <property name="httpConnectorConnectionEndpointName" expression="concat($func:name, '_INTERNAL_ENDPOINT_REFERENCE')"/>
        <property name="HTTP_CONN_BASE_PATH" expression="$func:baseUrl"/>
        <property name="APPEND_ARTIFACT_IDENTIFIER" value="true" type="BOOLEAN" />
    </sequence>
</template>
